vehicle;ramp;hf_lf_he;air_conditioner;place_for_transp_bicycles;voice_announcement_sys;ticket_machine;ticket_sales_by_the_driver;usb_charger
83;0;0;0;1;1;0;0;0
84;0;0;0;0;1;0;0;0
87;0;0;0;1;1;0;0;0
88;0;0;0;0;1;0;0;0
97;0;0;0;1;1;0;0;0
98;0;0;0;0;1;0;0;0
111;0;0;0;1;1;0;0;0
112;0;0;0;0;1;0;0;0
115;0;0;0;1;1;0;0;0
116;0;0;0;0;1;0;0;0
125;0;0;0;1;1;0;0;0
126;0;0;0;0;1;0;0;0
128;0;0;0;1;1;0;0;0
129;0;0;0;1;1;0;0;0
134;0;0;0;0;1;0;0;0
135;0;0;0;1;1;0;0;0
136;0;0;0;0;1;0;0;0
137;0;0;0;1;1;0;0;0
138;0;0;0;0;1;0;0;0
139;0;0;0;1;1;0;0;0
140;0;0;0;0;1;0;0;0
141;0;0;0;1;1;0;0;0
142;0;0;0;0;1;0;0;0
143;0;0;0;1;1;0;0;0
144;0;0;0;0;1;0;0;0
145;0;0;0;1;1;0;0;0
148;0;0;0;0;1;0;0;0
149;0;0;0;1;1;0;0;0
150;0;0;0;0;1;0;0;0
151;0;0;0;1;1;0;0;0
152;0;0;0;0;1;0;0;0
153;0;0;0;1;1;0;0;0
156;0;0;0;0;1;0;0;0
157;0;0;0;1;1;0;0;0
161;0;0;0;1;1;0;0;0
162;0;0;0;0;1;0;0;0
165;0;0;0;1;1;0;0;0
166;0;0;0;0;1;0;0;0
167;0;0;0;1;1;0;0;0
168;0;0;0;0;1;0;0;0
171;0;0;0;1;1;0;0;0
172;0;0;0;0;1;0;0;0
173;0;0;0;1;1;0;0;0
174;0;0;0;0;1;0;0;0
179;0;0;0;1;1;0;0;0
180;0;0;0;0;1;0;0;0
181;0;0;0;1;1;0;0;0
182;0;0;0;0;1;0;0;0
187;0;0;0;1;1;0;0;0
188;0;0;0;0;1;0;0;0
189;0;0;0;1;1;0;0;0
190;0;0;0;0;1;0;0;0
191;0;0;0;1;1;0;0;0
192;0;0;0;0;1;0;0;0
197;0;0;0;1;1;0;0;0
198;0;0;0;0;1;0;0;0
203;0;0;0;1;1;0;0;0
204;0;0;0;0;1;0;0;0
205;0;0;0;1;1;0;0;0
206;0;0;0;0;1;0;0;0
211;0;0;0;1;1;0;0;0
212;0;0;0;0;1;0;0;0
215;0;0;0;1;1;0;0;0
218;0;0;0;0;1;0;0;0
219;0;0;0;1;1;0;0;0
220;0;0;0;0;1;0;0;0
223;0;0;0;1;1;0;0;0
224;0;0;0;0;1;0;0;0
225;0;0;0;1;1;0;0;0
226;0;0;0;0;1;0;0;0
227;0;0;0;1;1;0;0;0
228;0;0;0;0;1;0;0;0
233;0;0;0;1;1;0;0;0
234;0;0;0;0;1;0;0;0
243;0;0;0;0;1;0;0;0
244;0;0;0;0;1;0;0;0
263;0;0;0;1;1;0;0;0
264;0;0;0;0;1;0;0;0
272;0;0;0;0;1;0;0;0
273;0;0;0;1;1;0;0;0
286;0;0;0;0;1;0;0;0
287;0;0;0;1;1;0;0;0
290;0;0;0;0;1;0;0;0
291;0;0;0;1;1;0;0;0
298;0;0;0;0;1;0;0;0
299;0;0;0;1;1;0;0;0
310;0;0;0;0;1;0;0;0
311;0;0;0;1;1;0;0;0
312;0;0;0;0;1;0;0;0
313;0;0;0;1;1;0;0;0
314;0;0;0;0;1;0;0;0
315;0;0;0;1;1;0;0;0
324;0;0;0;0;1;0;0;0
325;0;0;0;1;1;0;0;0
336;0;0;0;0;1;0;0;0
337;0;0;0;1;1;0;0;0
401;0;1;0;1;1;0;0;0
402;0;1;0;1;1;0;0;0
403;0;1;0;1;1;0;0;0
404;0;1;0;1;1;0;0;0
405;0;1;0;1;1;0;0;0
406;0;1;0;1;1;0;0;0
407;0;1;0;1;1;0;0;0
408;0;1;0;1;1;0;0;0
409;0;1;0;1;1;0;0;0
410;0;1;0;1;1;0;0;0
411;0;1;0;1;1;0;0;0
412;0;1;0;1;1;0;0;0
413;0;1;0;1;1;0;0;0
414;0;1;0;1;1;0;0;0
415;0;2;0;1;1;0;0;0
416;0;2;0;1;1;0;0;0
417;0;2;0;1;1;0;0;0
418;0;2;0;1;1;0;0;0
419;0;2;0;1;1;0;0;0
420;0;2;0;1;1;0;0;0
421;0;2;0;1;1;0;0;0
422;0;2;0;1;1;0;0;0
423;0;2;0;1;1;0;0;0
424;0;2;0;1;1;0;0;0
425;0;2;0;1;1;0;0;0
426;0;2;0;1;1;0;0;0
427;0;2;0;1;1;0;0;0
428;0;2;0;1;1;0;0;0
429;0;2;0;1;1;0;0;0
430;0;2;0;1;1;0;0;0
431;0;2;0;1;1;0;0;0
432;0;2;0;1;1;0;0;0
433;0;2;0;1;1;0;0;0
434;0;2;0;1;1;0;0;0
435;0;2;0;1;1;0;0;0
436;0;2;0;1;1;0;0;0
437;0;2;0;1;1;0;0;0
438;0;2;0;1;1;0;0;0
441;1;2;1;1;1;0;0;1
442;1;2;1;1;1;0;0;1
443;1;2;1;1;1;0;0;1
444;1;2;1;1;1;0;0;1
445;1;2;1;1;1;0;0;1
446;1;2;1;1;1;0;0;1
447;1;2;1;1;1;0;0;1
448;1;2;1;1;1;0;0;1
449;1;2;1;1;1;0;0;1
450;1;2;1;1;1;0;0;1
451;1;2;1;1;1;0;0;1
452;1;2;1;1;1;0;0;1
453;1;2;1;1;1;0;0;1
454;1;2;1;1;1;0;0;1
455;1;2;1;1;1;0;0;1
456;1;2;1;1;1;0;0;1
457;1;2;1;1;1;0;0;1
458;1;2;1;1;1;0;0;1
459;1;2;1;1;1;0;0;1
460;1;2;1;1;1;0;0;1
500;1;1;1;0;1;0;0;0
501;0;1;0;1;1;0;0;0
502;0;1;0;1;1;0;0;0
503;0;1;0;1;1;0;0;0
504;0;1;0;1;1;0;0;0
505;0;1;0;1;1;0;0;0
506;0;1;0;1;1;0;0;0
507;0;1;0;1;1;0;0;0
508;0;1;0;1;1;0;0;0
509;0;1;0;1;1;0;0;0
510;0;1;0;1;1;0;0;0
511;0;1;0;1;1;0;0;0
512;0;1;0;1;1;0;0;0
513;0;1;0;1;1;0;0;0
514;0;1;0;1;1;0;0;0
515;0;1;1;1;1;2;0;0
516;0;1;1;1;1;2;0;0
517;0;1;1;1;1;2;0;0
518;0;1;1;1;1;2;0;0
519;0;1;1;1;1;2;0;0
520;0;1;1;1;1;2;0;0
521;0;1;1;1;1;2;0;0
522;0;1;1;1;1;2;0;0
523;0;1;1;1;1;2;0;0
524;0;1;1;1;1;2;0;0
525;0;1;1;1;1;2;0;0
526;0;1;1;1;1;2;0;0
527;0;1;1;1;1;2;0;0
528;0;1;1;1;1;2;0;0
529;0;1;1;1;1;2;0;0
530;0;1;1;1;1;2;0;0
531;0;1;1;1;1;2;0;0
532;0;1;1;1;1;2;0;0
533;0;1;1;1;1;2;0;0
534;0;1;1;1;1;2;0;0
535;0;1;1;1;1;2;0;0
536;0;1;1;1;1;2;0;0
537;0;1;1;1;1;2;0;0
538;0;1;1;1;1;2;0;0
539;0;1;1;1;1;2;0;0
540;0;1;1;1;1;2;0;0
541;0;1;1;1;1;2;0;0
542;0;1;1;1;1;2;0;0
543;0;1;1;1;1;2;0;0
544;0;1;1;1;1;2;0;0
545;0;1;1;1;1;2;0;0
546;0;1;1;1;1;2;0;0
547;0;1;1;1;1;2;0;0
548;0;1;1;1;1;2;0;0
549;0;1;1;1;1;2;0;0
550;0;1;1;1;1;2;0;0
551;0;1;1;1;1;2;0;0
552;0;1;1;1;1;2;0;0
553;0;1;1;1;1;2;0;0
554;0;1;1;1;1;2;0;0
555;0;1;1;1;1;2;0;0
556;0;1;1;1;1;2;0;0
557;0;1;1;1;1;2;0;0
558;0;1;1;1;1;2;0;0
559;0;1;1;1;1;2;0;0
560;1;1;1;1;1;0;0;0
601;1;1;1;1;1;0;0;1
602;1;1;1;1;1;0;0;1
603;1;1;1;1;1;0;0;1
604;1;1;1;1;1;0;0;1
605;1;1;1;1;1;0;0;1
606;1;1;1;1;1;0;0;1
607;1;1;1;1;1;0;0;1
608;1;1;1;1;1;0;0;1
609;1;1;1;1;1;0;0;1
610;1;1;1;1;1;0;0;1
611;1;1;1;1;1;0;0;1
612;1;1;1;1;1;0;0;1
613;1;1;1;1;1;0;0;1
614;1;1;1;1;1;0;0;1
615;1;1;1;1;1;0;0;1
616;1;1;1;1;1;0;0;1
617;1;1;1;1;1;0;0;1
618;1;1;1;1;1;0;0;1
619;1;1;1;1;1;0;0;1
620;1;1;1;1;1;0;0;1
621;1;1;1;1;1;0;0;1
622;1;1;1;1;1;0;0;1
623;1;1;1;1;1;0;0;1
624;1;1;1;1;1;0;0;1
625;1;1;1;1;1;0;0;1
626;1;1;1;1;1;0;0;1
627;1;1;1;1;1;0;0;1
628;1;1;1;1;1;0;0;1
629;1;1;1;1;1;0;0;1
630;1;1;1;1;1;0;0;1
694;0;0;0;0;1;0;0;0
696;0;0;0;0;1;0;0;0
697;0;0;0;0;1;0;0;0
698;0;0;0;0;1;0;0;0
699;0;0;0;0;1;0;0;0
701;0;0;0;0;1;0;0;0
702;0;0;0;0;1;0;0;0
703;0;0;0;0;1;0;0;0
704;0;0;0;0;1;0;0;0
705;0;0;0;0;1;0;0;0
706;0;0;0;0;1;0;0;0
707;0;0;0;0;1;0;0;0
708;0;0;0;0;1;0;0;0
709;0;0;0;0;1;0;0;0
711;0;0;0;0;1;0;0;0
712;0;0;0;0;1;0;0;0
903;0;0;0;0;1;0;0;0
904;0;0;0;0;1;0;0;0
905;0;0;0;0;1;0;0;0
906;0;0;0;0;1;0;0;0
907;0;0;0;0;1;0;0;0
911;1;2;1;1;1;0;0;1
912;1;2;1;1;1;0;0;1
913;1;2;1;1;1;0;0;1
914;1;2;1;1;1;0;0;1
915;1;2;1;1;1;0;0;1
916;1;2;1;1;1;0;0;1
917;1;2;1;1;1;0;0;1
918;1;2;1;1;1;0;0;1
919;1;2;1;1;1;0;0;1
920;1;2;1;1;1;0;0;1
921;1;1;1;1;1;0;0;1
922;1;1;1;1;1;0;0;1
923;1;1;1;1;1;0;0;1
924;1;1;1;1;1;0;0;1
925;1;1;1;1;1;0;0;1
926;1;1;1;1;1;0;0;1
927;1;1;1;1;1;0;0;1
928;1;1;1;1;1;0;0;1
929;1;1;1;1;1;0;0;1
930;1;1;1;1;1;0;0;1
931;1;1;1;1;1;0;0;1
932;1;1;1;1;1;0;0;1
933;1;1;1;1;1;0;0;1
934;1;1;1;1;1;0;0;1
935;1;1;1;1;1;0;0;1
936;1;1;1;1;1;0;0;1
937;1;1;1;1;1;0;0;1
938;1;1;1;1;1;0;0;1
939;1;1;1;1;1;0;0;1
940;1;1;1;1;1;0;0;1
1050;1;1;0;1;1;0;0;0
1055;1;1;0;1;1;0;0;0
1060;1;1;0;1;1;0;0;0
1061;1;1;0;1;1;0;0;0
1062;1;1;0;1;1;0;0;0
1063;1;1;0;1;1;0;0;0
1064;1;1;0;1;1;0;0;0
1065;1;1;0;1;1;0;0;0
1067;1;1;0;1;1;0;0;0
1068;1;1;0;1;1;0;0;0
1069;1;1;0;1;1;0;0;0
1101;1;1;0;1;1;0;0;0
1102;1;1;0;1;1;0;0;0
1103;1;1;0;1;1;0;0;0
1104;1;1;0;1;1;0;0;0
1105;1;1;0;1;1;0;0;0
1106;1;1;0;1;1;0;0;0
1107;1;1;0;1;1;0;0;0
1108;1;1;0;1;1;0;0;0
1109;1;1;0;1;1;0;0;0
1110;1;1;0;1;1;0;0;0
1111;1;1;1;1;1;0;0;0
1112;1;1;1;1;1;0;0;0
1113;1;1;1;1;1;0;0;0
1114;1;1;1;1;1;0;0;0
1115;1;1;1;1;1;0;0;0
1116;1;1;1;1;1;0;0;0
1117;1;1;1;1;1;0;0;0
1118;1;1;1;1;1;0;0;0
1119;1;1;1;1;1;0;0;0
1120;1;1;1;1;1;0;0;0
1121;1;1;1;1;1;0;0;0
1122;1;1;1;1;1;0;0;0
1123;1;1;1;1;1;0;0;0
1124;1;1;1;1;1;0;0;0
1125;1;1;1;1;1;0;0;0
1126;1;1;1;1;1;0;0;0
1127;1;1;1;1;1;0;0;0
1128;1;1;1;1;1;0;0;0
1129;1;1;1;1;1;0;0;0
1130;1;1;1;1;1;0;0;0
1131;1;1;1;1;1;0;0;0
1132;1;1;1;1;1;0;0;0
1133;1;1;1;1;1;0;0;0
1134;1;1;1;1;1;0;0;0
1135;1;1;1;1;1;0;0;0
1225;1;1;0;1;1;0;0;0
1226;1;1;0;1;1;0;0;0
1227;1;1;0;1;1;0;0;0
1251;1;1;1;1;1;0;0;0
1252;1;1;1;1;1;0;0;0
1253;1;1;1;1;1;0;0;0
1254;1;1;1;1;1;0;0;0
1255;1;1;1;1;1;0;0;0
1256;1;1;1;1;1;0;0;0
1257;1;1;1;1;1;0;0;0
1258;1;1;1;1;1;0;0;0
1259;1;1;1;1;1;2;0;0
1260;1;1;1;1;1;2;0;0
1261;1;1;1;1;1;2;0;0
1262;1;1;1;1;1;2;0;0
1263;1;1;1;1;1;2;0;0
1264;1;1;1;1;1;2;0;0
1265;1;1;1;1;1;2;0;0
1266;1;1;1;1;1;2;0;0
1267;1;1;1;1;1;2;0;0
1268;1;1;1;1;1;2;0;0
1269;1;1;1;1;1;2;0;0
1270;1;1;1;1;1;2;0;0
1271;1;1;1;1;1;2;0;0
1272;1;1;1;1;1;2;0;0
1273;1;1;1;1;1;0;0;0
1274;1;1;1;1;1;0;0;0
1275;1;1;1;1;1;0;0;1
1276;1;1;1;1;1;0;0;1
1277;1;1;1;1;1;0;0;1
1278;1;1;1;1;1;0;0;1
1279;1;1;1;1;1;0;0;1
1280;1;1;1;1;1;0;0;1
1281;1;1;1;1;1;0;0;1
1282;1;1;1;1;1;0;0;1
1283;1;1;1;1;1;0;0;1
1284;1;1;1;1;1;0;0;1
1285;1;1;1;1;1;0;0;1
1286;1;1;1;1;1;0;0;1
1287;1;1;1;1;1;0;0;1
1288;1;1;1;1;1;0;0;1
1289;1;1;1;1;1;0;0;1
1290;1;1;1;1;1;0;0;1
1291;1;1;1;1;1;0;0;1
1292;1;1;1;1;1;0;0;1
1293;1;1;1;1;1;0;0;1
1407;1;1;1;0;1;1;0;0
1408;1;1;1;0;1;1;0;0
1450;1;1;1;1;1;1;0;0
1451;1;1;1;1;1;1;0;0
1452;1;1;1;1;1;1;0;0
1453;1;1;1;1;1;1;0;0
1454;1;1;1;1;1;1;0;0
1455;1;1;1;1;1;1;0;0
1456;1;1;1;1;1;1;0;0
1457;1;1;1;1;1;1;0;0
1458;1;1;1;1;1;1;0;0
1459;1;1;1;1;1;1;0;0
1460;1;1;1;1;1;1;0;0
1461;1;1;1;1;1;1;0;0
1462;1;1;1;1;1;1;0;0
1463;1;1;1;1;1;0;0;0
1464;1;1;1;1;1;0;0;0
1465;1;1;1;1;1;0;0;0
1466;1;1;1;1;1;0;0;0
1467;1;1;1;1;1;0;0;0
1468;1;1;1;1;1;0;0;0
1469;1;1;1;1;1;0;0;0
1470;1;1;1;1;1;0;0;0
1471;1;1;1;1;1;0;0;0
1472;1;1;1;1;1;0;0;0
1473;1;1;1;1;1;0;0;0
1474;1;1;1;1;1;0;0;0
1475;1;1;1;1;1;0;0;0
1476;1;1;1;1;1;0;0;0
1477;1;1;1;1;1;0;0;0
1478;1;1;1;1;1;0;0;0
1479;1;1;1;1;1;0;0;0
1480;1;1;1;1;1;0;0;0
1481;1;1;1;1;1;0;0;1
1482;1;1;1;1;1;0;0;1
1483;1;1;1;1;1;0;0;1
1484;1;1;1;1;1;0;0;1
1493;1;1;1;0;1;0;0;0
1605;0;1;0;1;1;0;0;0
1610;0;1;0;1;1;0;0;0
1611;0;1;0;1;1;0;0;0
1612;0;1;0;1;1;0;0;0
1614;0;1;0;1;1;0;0;0
1615;0;1;0;1;1;0;0;0
1616;0;1;0;1;1;0;0;0
1617;0;1;0;1;1;0;0;0
1618;0;1;0;1;1;0;0;0
1619;0;1;0;1;1;0;0;0
1620;0;1;0;1;1;0;0;0
1621;0;1;0;1;1;0;0;0
1622;0;1;0;1;1;0;0;0
1623;0;1;0;1;1;0;0;0
1624;0;1;0;1;1;0;0;0
1625;1;1;1;1;1;1;0;0
1626;1;1;1;1;1;0;0;0
1627;1;1;1;1;1;0;0;0
1628;1;1;1;1;1;0;0;0
1629;1;1;1;1;1;0;0;0
1630;1;1;1;1;1;1;0;0
1631;1;1;1;1;1;1;0;0
1632;1;1;1;1;1;1;0;0
1633;1;1;1;1;1;1;0;0
1634;1;1;1;1;1;1;0;0
1635;1;1;1;1;1;1;0;0
1636;1;1;1;1;1;1;0;0
1637;1;1;1;1;1;1;0;0
1638;1;1;1;1;1;1;0;0
1639;1;1;1;1;1;1;0;0
1640;1;1;1;1;1;1;0;0
1641;1;1;1;1;1;1;0;0
1642;1;1;1;1;1;1;0;0
1643;1;1;1;1;1;1;0;0
1644;1;1;1;1;1;1;0;0
1645;1;1;1;1;1;1;0;0
1646;1;1;1;1;1;1;0;0
1647;1;1;1;1;1;1;0;0
1648;1;1;1;1;1;1;0;0
1649;1;1;1;1;1;1;0;0
1650;1;1;1;1;1;1;0;0
1651;1;1;1;1;1;1;0;0
1652;1;1;1;1;1;1;0;0
1653;1;1;1;1;1;1;0;0
1654;1;1;1;1;1;1;0;0
1655;1;1;1;1;1;1;0;0
1656;1;1;1;1;1;1;0;0
1657;1;1;1;1;1;0;0;0
1658;1;1;1;1;1;0;0;0
1659;1;1;1;1;1;0;0;0
1660;1;1;1;1;1;0;0;0
1661;1;1;1;1;1;0;0;0
1662;1;1;1;1;1;0;0;1
1663;1;1;1;1;1;0;0;1
1664;1;1;1;1;1;0;0;1
1665;1;1;1;1;1;0;0;1
1666;1;1;1;1;1;0;0;1
1667;1;1;1;1;1;0;0;1
1668;1;1;1;1;1;0;0;1
1669;1;1;1;1;1;0;0;1
1670;1;1;1;1;1;0;0;1
1671;1;1;1;1;1;0;0;1
1672;1;1;1;1;1;0;0;1
1673;1;1;1;1;1;0;0;1
1674;1;1;1;1;1;0;0;1
1675;1;1;1;1;1;0;0;1
1676;1;1;1;1;1;0;0;1
1751;1;1;1;0;1;1;0;0
1752;1;1;1;0;1;1;0;0
1753;1;1;1;0;1;1;0;0
1754;1;1;1;0;1;1;0;0
1755;1;1;1;0;1;1;0;0
1756;1;1;1;0;1;1;0;0
1757;1;1;1;0;1;1;0;0
1758;1;1;1;0;1;1;0;0
1759;1;1;1;0;1;1;0;0
1760;1;1;1;0;1;1;0;0
1761;1;1;1;0;1;1;0;0
1762;1;1;1;0;1;1;0;0
1763;1;1;1;0;1;1;0;0
1764;1;1;1;0;1;1;0;0
1765;1;1;1;0;1;1;0;0
1766;1;1;1;0;1;1;0;0
1767;1;1;1;0;1;1;0;0
1768;1;1;1;0;1;1;0;0
1769;1;1;1;0;1;1;0;0
1770;1;1;1;0;1;1;0;0
1771;1;1;1;0;1;1;0;0
1772;1;1;1;0;1;1;0;0
1773;1;1;1;0;1;1;0;0
1774;1;1;1;0;1;1;0;0
1806;1;1;0;1;1;0;0;0
1809;0;1;0;1;1;0;0;0
1810;0;1;0;1;1;0;0;0
1811;0;1;0;1;1;0;0;0
1814;1;1;1;1;1;0;0;0
1815;1;1;1;1;1;0;0;0
1816;1;1;1;1;1;0;0;0
1817;1;1;1;1;1;0;0;0
1818;1;1;1;1;1;0;0;0
1819;1;1;1;1;1;0;0;0
1820;1;1;1;1;1;0;0;0
1821;1;1;1;1;1;0;0;0
1822;1;1;1;1;1;0;0;0
1823;1;1;1;1;1;0;0;0
1824;1;1;1;1;1;0;0;0
1825;1;1;1;1;1;0;0;0
1826;1;1;1;1;1;0;0;0
1828;1;1;1;1;1;0;0;0
1829;1;1;1;1;1;0;0;0
1830;1;1;1;1;1;0;0;0
1831;1;1;1;1;1;0;0;0
1833;1;1;1;1;1;0;0;0
1834;1;1;1;1;1;0;0;0
1835;1;1;1;1;1;0;0;0
1836;1;1;1;1;1;0;0;0
1837;1;1;1;1;1;0;0;0
1838;1;1;1;1;1;0;0;0
1839;1;1;1;1;1;0;0;0
1840;1;1;1;1;1;0;0;0
1841;1;1;1;1;1;0;0;0
1842;1;1;1;1;1;0;0;0
1843;1;1;1;1;1;0;0;0
1844;1;1;1;1;1;0;0;0
1845;1;1;1;1;1;0;0;0
1846;1;1;1;1;1;0;0;0
1847;1;1;1;1;1;0;0;0
1848;1;1;1;1;1;0;0;0
1849;1;1;1;1;1;0;0;0
1850;1;1;1;1;1;0;0;0
1851;1;1;1;1;1;0;0;0
1852;1;1;1;1;1;0;0;0
1853;1;1;1;1;1;0;0;0
1854;1;1;1;1;1;0;0;0
1855;1;1;1;1;1;0;0;0
1856;1;1;1;1;1;0;0;0
1857;1;1;1;1;1;0;0;0
1858;1;1;1;1;1;0;0;0
1859;1;1;1;1;1;0;0;0
1860;1;1;1;1;1;0;0;0
1861;1;1;1;1;1;0;0;0
1862;1;1;1;1;1;2;0;0
1863;1;1;1;1;1;2;0;0
1864;1;1;1;1;1;2;0;0
1865;1;1;1;1;1;2;0;0
1866;1;1;1;1;1;2;0;0
1867;1;1;1;1;1;2;0;0
1868;1;1;1;1;1;2;0;0
1869;1;1;1;1;1;2;0;0
1870;1;1;1;1;1;2;0;0
1871;1;1;1;1;1;2;0;0
1872;1;1;1;1;1;2;0;0
1873;1;1;1;1;1;2;0;0
1874;1;1;1;1;1;2;0;0
1875;1;1;1;1;1;2;0;0
1876;1;1;1;1;1;2;0;0
1877;1;1;1;1;1;2;0;0
1878;1;1;1;1;1;2;0;0
1879;1;1;1;1;1;2;0;0
1880;1;1;1;1;1;2;0;0
1881;1;1;1;1;1;2;0;0
1882;1;1;1;1;1;2;0;0
1883;1;1;1;1;1;2;0;0
1884;1;1;1;1;1;2;0;0
1885;1;1;1;1;1;2;0;0
1886;1;1;1;1;1;2;0;0
1887;1;1;1;1;1;2;0;0
1888;1;1;1;1;1;2;0;0
1889;1;1;1;1;1;2;0;0
1890;1;1;1;1;1;0;0;0
1891;1;1;1;1;1;2;0;0
1892;1;1;1;1;1;2;0;0
1893;1;1;1;1;1;2;0;0
1901;1;1;1;1;1;0;0;1
1902;1;1;1;1;1;0;0;1
1903;1;1;1;1;1;0;0;1
1904;1;1;1;1;1;0;0;1
1905;1;1;1;1;1;0;0;1
1906;1;1;1;1;1;0;0;1
1907;1;1;1;1;1;0;0;1
1908;1;1;1;1;1;0;0;1
1909;1;1;1;1;1;0;0;1
1910;1;1;1;1;1;0;0;1
1911;1;1;1;1;1;0;0;1
1912;1;1;1;1;1;0;0;1
1913;1;1;1;1;1;0;0;1
1914;1;1;1;1;1;0;0;1
1915;1;1;1;1;1;0;0;1
1916;1;1;1;1;1;0;0;1
1917;1;1;1;1;1;0;0;1
1918;1;1;1;1;1;0;0;1
1919;1;1;1;1;1;0;0;1
1990;1;1;1;0;1;0;0;0
3001;1;1;1;0;0;0;1;0
3002;1;1;1;0;0;0;1;0
3003;1;1;0;0;0;0;1;0
3004;1;1;1;0;0;0;1;0
3005;1;1;0;0;0;0;1;0
3006;1;1;0;1;0;0;1;0
3007;0;1;0;0;0;0;1;0
3008;1;1;1;0;0;0;1;0
3009;1;1;1;1;0;0;1;0
3010;1;1;0;0;0;0;1;0
3011;1;1;0;0;0;0;1;0
3012;1;1;0;0;0;0;1;0
3013;0;1;1;0;0;0;1;0
3014;0;0;1;0;0;0;1;0
3016;1;1;1;1;0;0;1;1
3017;1;1;1;1;0;0;1;0
3018;1;1;1;1;0;0;1;0
3019;1;1;1;1;0;0;1;0
3020;1;1;1;1;0;0;1;1
3021;1;1;0;0;0;0;1;0
3022;1;1;1;1;1;0;1;0
3023;1;1;1;0;0;0;1;0
3024;1;1;1;0;0;0;1;0
3025;1;1;1;1;1;0;1;0
4301;1;0;1;0;1;0;1;0
4302;1;0;1;0;0;0;1;0
4304;0;0;0;0;0;0;1;0
4305;0;0;0;0;0;0;1;0
4306;0;0;0;0;0;0;1;0
4307;0;0;0;0;0;0;1;0
4308;0;0;0;0;0;0;1;0
4310;0;0;0;0;0;0;1;0
4311;1;0;0;0;0;0;1;0
4312;1;0;1;0;0;0;1;0
5034;1;1;1;1;0;0;1;0
5036;1;1;1;0;0;0;1;0
5037;1;1;1;0;0;0;1;0
5038;1;1;1;0;0;0;1;0
5039;1;1;1;0;0;0;1;0
5046;1;1;0;0;0;0;1;0
5051;1;1;0;0;1;0;1;0
5052;1;1;1;1;1;0;1;0
5053;1;1;1;1;1;0;1;0
5056;1;1;1;1;1;0;1;1
5057;1;1;1;1;1;0;1;1
5068;1;1;1;0;0;0;1;0
5070;1;1;1;0;0;0;1;0
5071;1;1;1;1;0;0;1;0
5072;1;1;1;1;0;0;1;0
5073;1;1;1;1;0;0;1;0
5074;1;1;1;1;0;0;1;0
5075;1;1;1;1;0;0;1;0
5078;1;1;1;0;0;0;1;0
5079;1;1;1;0;0;0;1;0
5084;1;1;1;0;0;0;1;0
5085;1;1;1;0;0;0;1;0
5086;1;1;1;1;0;0;1;0
5088;1;1;1;1;0;0;1;0
5092;1;1;1;0;0;0;1;0
5093;1;1;1;0;0;0;1;0
5097;1;1;1;1;1;0;1;1
5098;1;1;1;1;1;0;1;1
6050;1;1;1;1;1;0;1;0
6051;1;1;1;1;1;1;1;0
6052;1;1;1;1;1;0;1;0
6053;1;1;1;1;1;1;1;0
6054;1;1;1;1;1;1;1;0
6055;1;1;1;1;1;1;1;0
6056;1;1;1;1;1;0;1;0
6057;1;1;1;1;1;0;1;0
6058;1;1;1;1;1;0;1;0
6059;1;1;1;1;1;0;1;0
6060;1;1;1;1;1;0;1;0
6103;1;1;0;1;0;0;1;0
6104;0;1;0;0;0;0;1;0
6112;0;1;0;0;0;0;1;0
6114;1;1;1;0;0;0;1;0
6115;0;1;0;0;0;0;1;0
6116;0;1;0;0;0;0;1;0
6117;0;1;0;1;0;0;1;0
6123;0;1;0;1;0;0;1;0
6124;0;1;1;1;0;0;1;0
6125;0;1;0;1;0;0;1;0
6126;0;1;1;1;0;0;1;0
6127;1;1;1;0;0;0;1;0
6128;1;1;1;0;0;0;1;0
6130;0;1;0;0;0;0;1;0
6132;1;1;1;0;0;0;1;0
6133;1;1;1;0;0;0;1;0
6134;1;1;1;0;0;0;1;0
6135;1;1;1;1;0;0;1;0
6136;1;1;1;1;0;0;1;0
6137;1;1;1;1;0;0;1;0
7001;1;1;0;1;1;0;1;0
7002;1;1;0;1;1;0;1;0
7003;1;1;0;1;1;0;1;0
7004;1;1;0;1;1;0;1;0
7005;1;1;0;1;1;0;1;0
7006;1;1;1;1;0;0;1;0
7007;1;1;1;1;0;0;1;0
7008;1;1;1;0;1;0;1;0
7009;1;1;0;0;1;0;1;0
7010;1;1;0;0;1;0;1;0
7011;1;1;1;1;1;0;1;0
7012;1;1;0;1;0;0;1;0
7013;1;1;0;1;0;0;1;0
7014;1;1;0;1;0;0;1;0
7015;1;1;0;1;1;0;1;0
7016;1;1;0;1;0;0;1;0
7017;1;1;0;0;0;0;1;0
7026;0;0;0;0;0;0;1;0
7027;0;0;0;0;0;0;1;0
7031;1;1;1;1;1;0;1;1
7032;1;1;1;1;1;0;1;1
7033;1;1;1;1;1;0;1;1
7034;1;1;1;0;1;0;1;1
7035;1;1;1;0;1;0;1;1
7036;1;1;1;1;1;0;1;1
7037;1;1;1;1;1;0;1;1
7038;1;1;1;1;1;0;1;1
8001;1;0;1;0;1;0;1;1
8002;1;1;1;1;1;0;1;1
8006;1;1;1;0;1;0;1;1
8008;1;1;0;0;1;0;1;1
8010;1;0;1;1;1;0;1;1
8011;1;0;0;0;1;0;1;1
8015;1;1;1;1;1;0;1;1
8017;1;1;1;1;1;0;1;1
8018;1;1;1;0;1;0;1;1
8022;1;0;1;0;1;0;1;1
8024;0;0;1;1;1;0;1;1
8025;1;0;1;0;1;0;1;1
8026;1;0;1;0;1;0;1;1
8027;1;0;1;1;1;0;1;1
8028;1;1;1;1;1;0;1;1
8029;1;0;1;0;1;0;1;1
8030;1;0;1;1;1;0;1;1
8031;1;0;1;0;1;0;1;1
8032;1;0;1;0;1;0;1;1
8033;1;0;1;0;1;0;1;1
8034;1;0;1;0;1;0;1;1
8035;1;0;1;1;1;0;1;1
8036;1;0;1;0;1;0;1;1
8037;1;1;1;1;1;0;1;1
8038;1;0;1;0;1;0;1;1
8039;1;1;1;0;1;0;1;1
8040;1;1;1;0;1;0;1;1
8041;1;1;1;0;1;0;1;1
8042;1;1;1;0;1;0;1;1
8043;1;1;1;0;1;0;1;1
8044;1;1;1;0;1;0;1;1
8045;1;1;1;0;1;0;1;1
8046;1;1;1;0;1;0;1;1
8047;1;1;1;0;1;0;1;1
8048;1;1;1;0;1;0;1;1
8310;1;1;1;0;0;0;1;1
8311;1;1;0;0;0;0;1;0
8312;1;1;1;1;0;0;1;1
8313;1;1;1;1;0;0;1;1
8314;1;1;1;1;0;0;1;1
8315;1;1;1;1;0;0;1;1
8316;1;1;1;0;0;0;1;1
8317;1;1;1;0;0;0;1;1
8318;1;1;1;0;0;0;1;1
8319;1;1;1;1;0;0;1;1
8320;1;1;1;0;0;0;1;1
8321;1;1;0;0;0;0;1;1
8322;1;1;0;0;0;0;1;1
9102;1;1;1;1;1;0;1;0
9103;1;1;1;1;1;0;1;0
9104;1;1;1;1;1;0;1;0
9105;1;1;1;0;0;0;1;0
9106;1;1;0;0;0;0;1;0
9107;1;1;1;1;1;0;1;0
9108;1;1;1;0;1;0;1;0
9109;1;1;1;0;1;0;1;0
9110;1;1;1;0;0;0;1;0
9111;1;1;1;0;0;0;1;0
9112;1;1;1;0;0;0;1;0
9113;0;1;0;0;0;0;1;0
9114;0;1;0;0;0;0;1;0
9115;1;1;1;1;1;0;1;1
9116;1;1;1;0;1;0;1;0
9118;0;1;1;0;0;0;1;0
9119;1;1;1;0;0;0;1;0
9120;1;1;1;0;0;0;1;0
9121;1;1;1;0;0;0;1;0
9122;1;1;1;0;1;0;1;0
9123;0;1;0;0;0;0;1;0
9124;1;1;1;0;0;0;1;0
